,key_mlbam,name_first,name_last,at_bats,woba_value,woba_P,hold_percent,hold_P,swing_percent,swing_P,Correct,Correct_P,Precision,Precision_P,ops,ops_P,Decision,Decision_P,Total_Score
0,687401,Joey,Ortiz,32,0.3703125,105.43375618553486,0.711340206185567,116.8730145376822,0.9310344827586207,143.89673166176357,0.8923766816143498,115.87407407147252,0.5301204819277109,90.85546280332859,0.8498498498498499,123.46888096477,467.4992830742469,116.14406768774741,239.6129486525174
1,656555,Rhys,Hoskins,55,0.3809090909090909,108.45077122636376,0.6871165644171779,112.8930763703547,0.8936170212765957,138.11364788339483,0.8820375335120644,114.5315477171612,0.5104166666666666,87.47849602773137,0.795946410168327,115.63761832607508,453.0167679986421,112.54607669155004,228.18369501762513
2,602104,Ramón,Urías,31,0.2725806451612903,77.60796970891147,0.6823529411764706,112.1104142862745,0.7627118644067796,117.88150333873288,0.7916666666666666,102.79699577906804,0.7013888888888888,120.20854556191658,0.47771836007130125,69.4044381425139,452.99745896599205,112.54127961554097,181.94571775805485
3,666397,Edouard,Julien,44,0.47613636363636364,135.5634640329547,0.7579908675799087,124.53770631233927,0.6475409836065574,100.08118161417741,0.8064516129032258,104.71680384964488,0.7121212121212122,122.04792024648236,0.7647887323943662,111.11093210157141,451.3836120226439,112.14034050095387,223.25127260252526
4,672515,Gabriel,Moreno,53,0.3113207547169811,88.63788434991228,0.7570093457943925,124.37644253319367,0.6761904761904762,104.50912539385229,0.8119122257053292,105.42585807006881,0.6829268292682927,117.0443988663723,0.7415553809897879,107.73551713916203,451.3558248634871,112.13343714556746,219.86895428472948
5,656582,Connor,Joe,54,0.39629629629629626,112.83174907931594,0.7195121951219512,118.21567023668347,0.646551724137931,99.9282858762247,0.7928571428571428,102.95157772760801,0.7396694214876033,126.76930981114319,0.8762668918918919,127.30683259811615,447.8648436516594,111.2661486323169,238.57298123043304
6,694671,Wyatt,Langford,65,0.2984615384615385,84.97666451149634,0.6726726726726726,110.51994863884573,0.8813559322033898,136.21862608031356,0.8622448979591837,111.96149701393662,0.515527950310559,88.35450074140748,0.600375234521576,87.2244177938457,447.0545724745034,111.06484738148677,198.28926517533247
7,624431,Jose,Trevino,34,0.29705882352941176,84.57728964796442,0.7272727272727273,119.49072369070011,0.7837837837837838,121.13828961716034,0.8514851485148515,110.56435606461514,0.5472972972972973,93.79933606062316,0.6742424242424242,97.9560773410667,444.99270543309876,110.55260354734592,208.50868088841264
8,681297,Colton,Cowser,37,0.7216216216216216,205.45695355210626,0.639269406392694,105.0318005043825,0.8648648648648649,133.66983681893555,0.8828125,114.63217621415814,0.5315315315315315,91.09729757328012,1.2215944758317638,177.4771189879493,444.4311111107563,110.4130828007936,287.8902017887429
9,545361,Mike,Trout,68,0.44632352941176473,127.07528419879806,0.6973684210526316,114.57745380210224,0.7152317880794702,110.54318458784486,0.810989010989011,105.30597971306265,0.6625,113.54351729313706,0.904312015503876,131.38131708440758,443.9701353961468,110.29855942816309,241.67987651257067
10,650402,Gleyber,Torres,59,0.2593220338983051,73.83303586989612,0.7,115.00982155229885,0.644808743169399,99.65889814745093,0.789838337182448,102.55958932230347,0.7383419689119171,126.54180243833828,0.5243055555555556,76.17277362523961,443.7701114603915,110.24886610375675,186.42163972899635
11,686554,Oliver,Dunn,32,0.3765625,107.21322886377173,0.5965909090909092,98.01973427752743,0.8484848484848485,131.1382111216072,0.8947368421052632,116.18053816581653,0.5555555555555556,95.21468955399334,0.6041509433962264,87.7729647515044,440.5531731189445,109.4496599487882,197.2226247002926
12,662139,Daulton,Varsho,49,0.4755102040816327,135.385186621777,0.6338028169014085,104.1336412445362,0.7926829268292683,122.51370333442834,0.8338983050847457,108.2807249026972,0.6153846153846154,105.46857919826955,0.8810068649885583,127.99547091952306,440.3966486799313,109.4107735040433,237.40624442356636
13,543685,Anthony,Rendon,61,0.35655737704918034,101.51745770925125,0.7091633466135459,116.51535706493566,0.6521739130434783,100.79722749253972,0.825136612021858,107.14302925031424,0.6722972972972973,115.22264121027166,0.6319678714859438,91.81429626873852,439.6782550180613,109.23229801731745,201.04659428605595
14,606115,Orlando,Arcia,66,0.41893939393939394,119.27859285636269,0.618421052631579,101.60642129620388,0.811965811965812,125.49398408615342,0.7971014492753623,103.50269597892436,0.6291208791208791,107.82278855537378,0.8625541125541125,125.31459653423784,438.4258899166555,108.9211643271202,234.23576086135802
15,676914,Davis,Schneider,35,0.37142857142857144,105.75151916379146,0.7206703910614525,118.4059615342901,0.6949152542372882,107.40314748640107,0.8235294117647058,106.93433616646088,0.5934065934065934,101.70184422690278,0.7523809523809524,109.30829047754347,434.4452894140548,107.9322363202755,217.24052679781897
16,680757,Steven,Kwan,84,0.4113095238095238,117.10624958682673,0.6755555555555556,110.99360556158364,0.6691176470588235,103.41597899112038,0.7894736842105263,102.5122395580734,0.6829268292682927,117.0443988663723,0.8786041189931351,127.64639236246981,433.96622297714976,107.81321854487074,235.45961090734056
17,666023,Freddy,Fermin,32,0.2078125,59.167466551376116,0.5849056603773585,96.09985089275645,0.8297872340425532,128.2483873202952,0.8104575163398693,105.23696575112025,0.608433734939759,104.2772925356385,0.45906432748538006,66.69432113858554,433.8624964998104,107.78744906149123,174.48177020007677
18,694384,Nolan,Schanuel,48,0.28958333333333336,82.44890075830857,0.7244444444444444,119.02603754301404,0.6805555555555556,105.18377350378914,0.8282828282828283,107.5515617720393,0.5945945945945946,101.90545152265233,0.5472715023579608,79.50933919913528,433.6668243414948,107.73883687913542,187.24817607827072
19,696285,Jacob,Young,36,0.30000000000000004,85.41468855537003,0.608,99.89424500542528,0.825,127.50849277806273,0.8303030303030303,107.81388265441014,0.573170731707317,98.23369190570531,0.6138716356107661,89.18521773965779,433.45031234360346,107.68504731185963,196.87026505151744
20,663656,Kyle,Tucker,71,0.4112676056338028,117.09431482708001,0.6821705426356589,112.08044625251713,0.6846153846153846,105.81124342421988,0.7989690721649485,103.74520463866881,0.652046783625731,111.75197773968691,0.9194117647058824,133.57505652808672,433.38887205509275,107.66978327769768,241.2448398057844
21,663728,Cal,Raleigh,45,0.46222222222222226,131.6018905149405,0.638095238095238,104.83888495243568,0.7843137254901961,121.22019515442683,0.7852564102564102,101.964631440776,0.6121794871794872,104.91926368161188,0.8315151515151515,120.8051578534324,432.9429752292504,107.55900605728822,228.3641639107206
22,518692,Freddie,Freeman,65,0.38153846153846155,108.62996288067572,0.6584158415841583,108.1775549254296,0.6775956284153005,104.72629974816876,0.7428571428571429,96.45913588893002,0.7176165803108808,122.98975184357792,0.7903861308116626,114.82980331011649,432.35274240610624,107.41237045067938,222.24217376079588
23,543807,George,Springer,75,0.2546666666666667,72.50758006255856,0.6329113924050633,103.98718042703332,0.7068965517241379,109.254925891339,0.8158640226628895,105.9389943081733,0.650887573964497,111.55330492124662,0.6206675224646983,90.17254573079228,430.7344055477922,107.01031587558442,197.18286160637672
24,676801,Chas,McCormick,42,0.38928571428571435,110.83572681589682,0.6730769230769231,110.58636687721044,0.72,111.28013915176382,0.7857142857142857,102.0240860363683,0.6214285714285714,106.5044313153954,0.6738095238095239,97.89318419349623,430.39502338073794,106.92600082568069,204.81918501917693
25,677942,Blaze,Alexander,39,0.5358974358974359,152.5783752826695,0.5952380952380952,97.79746730637656,0.8823529411764706,136.37271954873017,0.8565573770491803,111.2229790396474,0.4956521739130435,84.94806215860623,0.9628879892037786,139.89142028137417,430.3412280533604,106.91263608188231,246.80405636325648
26,666158,Gavin,Lux,36,0.20972222222222223,59.71119431417071,0.6432160804020101,105.68023803800612,0.7878787878787878,121.7711960414924,0.875,113.6177321768647,0.520618556701031,89.22696165420612,0.3996289424860853,58.0593599429464,430.29612791056934,106.9014315426954,164.9607914856418
27,621493,Taylor,Ward,76,0.4322368421052632,123.06458416859233,0.624390243902439,102.58715790030837,0.6753246753246753,104.3753108927078,0.7827298050139275,101.63655468905364,0.7099447513812155,121.67490438584893,0.8360711453494959,121.46706708423154,430.27392786791876,106.89591623315455,228.3629833173861
28,624415,Cavan,Biggio,34,0.47058823529411764,133.98382518489413,0.7647058823529411,125.64098152772141,0.5802469135802469,89.68049622998801,0.7985074626865671,103.68526518485733,0.6483516483516484,111.1186816553197,0.8021911138161899,116.54486867329167,430.1254245978864,106.85902254268072,223.4038912159724
29,680776,Jarren,Duran,75,0.39266666666666666,111.79833679802876,0.6236933797909407,102.47266330443749,0.7555555555555555,116.77545466543118,0.8009478672985783,104.0021488849838,0.6214285714285714,106.5044313153954,0.7869662921348315,114.33295830322147,429.7546981702479,106.7669204221766,221.09987872539807
30,641933,Tyler,O'Neill,35,0.6057142857142856,172.45632355941373,0.75,123.22480880603447,0.5806451612903226,89.74204770303535,0.7773584905660378,100.93909575605015,0.6752577319587629,115.73001957129708,1.2045539380365808,175.00141562343043,429.635971836417,106.73742442110876,281.7388400445392
31,677800,Wilyer,Abreu,33,0.5227272727272727,148.82862399799322,0.6022099447513812,98.94294040410871,0.7936507936507936,122.66329271578907,0.8278688524590164,107.49780749286495,0.5860655737704918,100.44369299671266,0.8455313159746658,122.84147066979656,429.54773360947536,106.71550279048046,229.55697346027702
32,679529,Spencer,Torkelson,72,0.3013888888888889,85.81012692831153,0.6717557251908397,110.36929440133368,0.6802721088435374,105.13996518496205,0.7799511002444988,101.27574310700618,0.6532258064516129,111.95404626590506,0.6565656565656566,95.38794048193763,428.7390489592069,106.5145956914552,201.90253617339283
33,630105,Jake,Cronenworth,65,0.3076923076923077,87.60480877473849,0.6719999999999999,110.40942869020687,0.65625,101.42721016436809,0.798941798941799,103.74166324236775,0.6566265060240963,112.5368800632138,0.7255813953488373,105.41476585352736,428.1151821601565,106.35960416449379,211.77437001802116
34,663697,Jonathan,India,53,0.2641509433962264,75.20790187265285,0.7886792452830189,129.57979894571676,0.5454545454545454,84.3031357210332,0.7732997481108312,100.41207276947813,0.6640625,113.81130860750766,0.5574654533198518,80.9903487187543,428.1063160437358,106.35740149410908,187.3477502128634
35,702358,Trey,Lipscomb,39,0.28205128205128205,80.30440804351026,0.5659340659340659,92.98282276206264,0.9230769230769231,142.66684506636392,0.8509615384615384,110.4963659082695,0.47572815533980584,81.53335552099236,0.574685534591195,83.49213672880194,427.6793892576884,106.25133713137825,189.7434738601802
36,665489,Vladimir,Guerrero,68,0.34191176470588236,97.34762298589965,0.6606498194945849,108.54459692661523,0.7071428571428572,109.29299380976806,0.7841726618705036,101.8239079735108,0.6295336787564767,107.89353681584635,0.7409523809523809,107.64791138168204,427.55503552574044,106.22044307702674,213.86835445870878
37,657041,Lane,Thomas,65,0.25538461538461543,72.71199128303294,0.6977777777777778,114.64471100768839,0.6075949367088608,93.9072904234294,0.7597911227154047,98.65799347547221,0.7012195121951219,120.17951669315012,0.5088448137228625,73.92658802750717,427.3895115997401,106.1793208277285,180.10590885523567
38,808982,Jung Hoo,Lee,81,0.34012345679012346,96.83846377368083,0.625748502994012,102.81031952279922,0.8709677419354839,134.61307155455302,0.8712328767123287,113.12857559997799,0.4473684210526316,76.67288158821569,0.7310107832681598,106.20356454642686,427.2248482655459,106.13841238118162,212.34197692760847
39,593428,Xander,Bogaerts,72,0.25277777777777777,71.96978387535806,0.7023809523809523,115.40101142152434,0.609375,94.18240943834178,0.7947368421052632,103.19565448846058,0.6633986928104575,113.69754105565086,0.5318740399385561,77.2723470352173,426.4766164039776,105.95252398493713,183.2248710201544
40,592192,Mark,Canha,56,0.43124999999999997,122.78361479834439,0.7469387755102042,122.72185040274455,0.5547445255474452,85.73895555083183,0.774869109947644,100.61585257846508,0.6847826086956522,117.3624542980744,0.8683409436834094,126.15532571009473,426.4391128301159,105.94320671370522,232.09853242379995
41,596019,Francisco,Lindor,75,0.2593333333333333,73.83625299564207,0.6491935483870968,106.66233450414812,0.6818181818181818,105.37891965129151,0.7921052631578948,102.85394702326698,0.6497175141242938,111.35277252924645,0.5673563218390805,82.42732546006289,426.2479737079531,105.89572070475081,188.32304616481372
42,665120,Jared,Walsh,32,0.39375,112.10677872892315,0.6619047619047619,108.75078364469073,0.7407407407407407,114.48573986806979,0.8371212121212122,108.69921563241166,0.5495495495495496,94.18534155881504,0.6609195402298851,96.02048650635366,426.1210807039872,105.8641958015578,201.88468230791148
43,676059,Jordan,Westburg,59,0.5042372881355932,143.5642364136869,0.6329113924050633,103.98718042703332,0.8045977011494253,124.35520020152408,0.7870370370370371,102.19584375696824,0.5573248407643312,95.51792104938822,1.0339506172839505,150.21562422048726,426.0561454349139,105.84806348529632,256.0636877057836
44,571771,Enrique,Hernández,35,0.3142857142857143,89.48205467705431,0.5904761904761905,97.01508756792555,0.7213114754098361,111.48283521579256,0.8012048192771084,104.0355138005026,0.6609195402298851,113.27264791768172,0.4949494949494949,71.90783205561452,425.80608450190243,105.78593912493632,177.69377118055084
45,664774,LaMonte,Wade,37,0.5445945945945946,155.054592287451,0.75625,124.25168221275142,0.53125,82.10774156163131,0.7256944444444444,94.23057946414572,0.7289719626168224,124.93591040542675,0.9754098360655737,141.71063389882815,425.52591364395516,105.71633434848493,247.42696824731308
46,621438,Tyrone,Taylor,35,0.41714285714285715,118.76709075318117,0.6439393939393939,105.79907826780737,0.6984126984126984,107.94369758989437,0.7948717948717948,103.21317794821408,0.6263736263736264,107.35194668395292,0.7960271317829457,115.64934581820607,424.30790048986876,105.41373494922487,221.06308076743096
47,545121,Ildemaro,Vargas,31,0.3241935483870968,92.30296989048051,0.7227722772277227,118.75130089558436,0.6274509803921569,96.97615612354147,0.7697368421052632,99.94943356912157,0.6333333333333333,108.5447460915524,0.8116554054054055,117.91987096558036,424.22163667979976,105.3923038365828,223.31217480216316
48,671732,Lawrence,Butler,42,0.28690476190476194,81.68626961049277,0.6732673267326732,110.61765014931146,0.6923076923076923,107.00013379977291,0.8035714285714286,104.34281526446757,0.5958333333333333,102.11775454665786,0.5924834193072955,86.07786985545386,424.07835376020984,105.35670707373448,191.43457692918832
49,643565,Mike,Tauchman,40,0.33625,95.7356300891439,0.6344086021505376,104.23317160653811,0.68,105.09790919888809,0.7937062937062938,103.06183897761554,0.6507352941176471,111.52720622022896,0.7609649122807017,110.55539539055341,423.9201260032707,105.31739746198241,215.87279285253584
50,656305,Matt,Chapman,71,0.37535211267605634,106.86861267608504,0.6294820717131474,103.4237439115721,0.7272727272727273,112.4041809613776,0.7780678851174935,101.03120981337017,0.6243386243386243,107.00317492734487,0.7179109550243571,104.30037996108067,423.8623096136647,105.30303373799185,209.60341369907252
51,669289,Santiago,Espinal,36,0.1597222222222222,45.4754128882757,0.6626506024096386,108.87332504950837,0.7708333333333334,119.13672305021012,0.8037383177570093,104.36448563108532,0.532258064516129,91.22181547592264,0.37448979591836734,54.407065016173306,423.5963492067265,105.23695936178625,159.64402437795957
52,671289,Tyler,Freeman,47,0.39893617021276595,113.58336244065161,0.5904255319148937,97.00676437921864,0.7125,110.12097103559964,0.832089552238806,108.04586044964107,0.6305970149253731,108.07577821762975,0.7002487562189055,101.73435971377262,423.2493740820891,105.15075794111917,206.8851176548918
53,807799,Masataka,Yoshida,61,0.3188524590163934,90.78227827333042,0.6868686868686869,112.85235015232786,0.6062992125984252,93.70702881327445,0.7661538461538462,99.4841857126657,0.6834532374100719,117.13461808440906,0.7,101.69821962151195,423.17818276267707,105.13307139117154,206.8312910126835
54,690993,Colt,Keith,59,0.2347457627118644,66.83578737242229,0.5787545787545787,95.08922975019998,0.896551724137931,138.56722308169827,0.8576158940397351,111.360426239576,0.450354609929078,77.18467387249247,0.4282106782106782,62.21180513849448,422.2015529439667,104.89044051690739,167.10224565540187
55,650859,Luis,Rengifo,50,0.33399999999999996,95.0950199249786,0.5579710144927537,91.67449544023822,0.7777777777777778,120.21002686147328,0.7808219178082192,101.38881775469726,0.6330645161290323,108.49867446757466,0.6674603174603174,96.97075136246208,421.77201452398344,104.78372732796524,201.75447869042733
56,592885,Christian,Yelich,31,0.5661290322580645,161.18578324158537,0.6697247706422018,110.03560908673415,0.6477272727272727,100.10997366872694,0.7258883248730964,94.25575461227933,0.6827956989247311,117.02192490345631,1.1526806526806528,167.46510024254968,421.42326227119673,104.69708440310863,272.16218464565833
57,647351,Abraham,Toro,52,0.34615384615384615,98.55540987158079,0.6442687747035574,105.85319544339194,0.7755102040816326,119.85956031085674,0.8410596026490066,109.2106110612058,0.50390625,86.36269888452051,0.6803900325027086,98.8492213624973,421.286065699975,104.66299971371677,203.51222107621408
58,658668,Edward,Olivares,40,0.38375,109.25962244374415,0.5786163522012578,95.0665191627268,0.8028169014084507,124.07996736405593,0.782608695652174,101.62082877930756,0.5846774193548387,100.20578215158172,0.8060897435897436,117.11127396891143,420.973097457672,104.58524685711532,221.69652082602676
59,645277,Ozzie,Albies,54,0.42314814814814816,120.4768909561855,0.5985401459854014,98.33999340238273,0.671875,103.84214373971017,0.7433962264150943,96.52913526185377,0.7127659574468085,122.15842085331485,0.8777777777777778,127.52633889046739,420.8696932572615,104.55955743921355,232.08589632968093
60,676116,Ryan,Noda,40,0.30625,87.1941612336069,0.6776859504132231,111.34362889360689,0.66,102.00679422245018,0.7953216374269005,103.2715894807258,0.6041666666666666,103.54597488996775,0.5703551912568305,82.8630107181523,420.16798748675063,104.38522784030772,187.24823855846
61,641584,Jake,Fraley,37,0.5054054054054054,143.89681765634407,0.5641025641025641,92.68190747804303,0.7162162162162162,110.69533361568101,0.7905759162303665,102.65536310370422,0.6634615384615384,113.70831194813435,0.9531116794543905,138.471087001401,419.7409161455626,104.27912756474737,242.75021456614837
62,666181,Will,Benson,40,0.42625,121.3600366557549,0.6271186440677966,103.03543335193844,0.71,109.73458166354489,0.7976190476190477,103.56990552176781,0.60062893081761,102.93965493290223,0.7166117464624927,104.11162682156834,419.27957547015336,104.164513522391,208.27614034395936
63,669707,Jared,Triolo,56,0.33125,94.31205194655439,0.6082949308755761,99.9427020730971,0.7407407407407407,114.48573986806979,0.7753846153846153,100.68279035980625,0.6060606060606061,103.87057042253818,0.5925492816572001,86.08743854649012,418.98180272351135,104.09053578746459,190.1779743339547
64,593934,Miguel,Sanó,35,0.47285714285714286,134.6298186277499,0.6036036036036037,99.17191819824997,0.8125,125.57654591778906,0.8582677165354331,111.4450646324252,0.4824561403508772,82.6864409284679,0.8165195460277428,118.62654873883804,418.87996967693215,104.06523670213346,222.6917854409715
65,592663,J. T.,Realmuto,55,0.37727272727272726,107.41544166811683,0.6074380165289256,99.80191126439155,0.7647058823529411,118.18969027556616,0.7819767441860465,101.53877061653355,0.5780346820809249,99.0673070503977,0.6489088575096278,94.27553643622647,418.5976792068889,103.99510533584619,198.27064177207268
66,669701,Josh,Smith,51,0.3450980392156863,98.25480513558905,0.6082949308755761,99.9427020730971,0.7454545454545455,115.21428548541206,0.8419117647058824,109.32126331303367,0.5476190476190477,93.85447970322201,0.7871670702179177,114.36212797977703,418.33273057476487,103.92928232182821,218.29141030160525
67,621439,Byron,Buxton,45,0.3622222222222222,103.13032766315047,0.5854922279792747,96.19622380022037,0.8064516129032258,124.64173292088243,0.7587412587412588,98.5216698596589,0.5774193548387097,98.96184830418274,0.6056277056277056,87.98751345114114,418.32147488494445,103.92648599326108,191.91399944440224
68,624428,Adam,Frazier,38,0.1986842105263158,56.56849987658278,0.7021276595744681,115.35939547798972,0.5747126436781609,88.82514300108862,0.7587719298245614,98.52565246414834,0.6739130434782609,115.49955819810495,0.5392857142857144,78.34913858596076,418.2097491413316,103.89872919705103,182.24786778301177
69,663837,Matt,Vierling,46,0.3597826086956522,102.43573156459232,0.6458333333333333,106.11025202741857,0.5882352941176471,90.91514636582014,0.7947598253275109,103.19863883313474,0.6881188118811881,117.9342342891541,0.6910496580434136,100.39788556152831,418.15827151552753,103.88594025582213,204.28382581735045
70,668942,Josh,Rojas,35,0.4114285714285714,117.14014430450746,0.6809815950920246,111.88510247419082,0.6607142857142857,102.1171911858944,0.8082191780821918,104.94632013205506,0.5786516853932584,99.17305305230542,0.8500237304224015,123.49414288570611,418.1216668444457,103.87684630520073,227.37098919090684
71,683737,Michael,Busch,47,0.5648936170212766,160.83404121596269,0.6232394366197183,102.39808055712723,0.7575757575757576,117.08768850143501,0.8342857142857143,108.33102953679834,0.5254777070063694,90.05975413228032,1.0461538461538462,151.98854800577612,417.8765527276409,103.81595091647159,255.80449892224772
72,680700,Richie,Palacios,33,0.4696969696969697,133.7300679402258,0.6395348837209303,105.07541836173482,0.7391304347826086,114.23685782487834,0.8211009174311926,106.618999002143,0.5364583333333334,91.94168460057483,0.9223343571741992,133.9996600290968,417.872959789331,103.81505829805404,237.81471832715084
73,668930,Brice,Turang,60,0.3958333333333333,112.69993628833544,0.6197916666666667,101.8316128327646,0.6346153846153846,98.08345598312516,0.8006756756756757,103.96680511937039,0.6618705035971223,113.43563014490141,0.862400327131466,125.29225410039942,417.3175040801616,103.67706260946372,228.96931670986314
74,664761,Alec,Bohm,62,0.4266129032258064,121.46336087578156,0.6619718309859155,108.76180307762667,0.6071428571428571,93.83741892757863,0.7592067988668555,98.58211970343905,0.6751592356687898,115.71313864268744,0.9108851674641149,132.33628544391894,416.8944803513318,103.5719679101272,235.90825335404614
75,592518,Manny,Machado,66,0.3931818181818182,111.94500848544706,0.6089108910891089,100.0439041791567,0.6688741721854304,103.37834854974382,0.7507082152974505,97.47858851272892,0.675,115.68584780810191,0.7209188660801564,104.73737881701588,416.5866890497314,103.49550119657054,208.23288001358642
76,621020,Dansby,Swanson,56,0.37589285714285714,107.02257107681778,0.654320987654321,107.50477146863912,0.6693548387096774,103.45263832433243,0.7683923705722071,99.77485550447908,0.6167664670658682,105.70540984018182,0.7043137254901961,102.3249313390675,416.4376751376324,103.45848064377006,205.78341198283755
77,676475,Alec,Burleson,41,0.3024390243902439,86.1091169176088,0.47058823529411764,77.31752709398242,0.7719298245614035,119.30619207304115,0.8465909090909091,109.92884476852494,0.6401869158878505,109.71935721502224,0.5492307692307692,79.79398770303246,416.27192115057073,103.41730123881736,183.21128894184983
78,673548,Seiya,Suzuki,41,0.5536585365853658,157.63523822820318,0.7206703910614525,118.4059615342901,0.6,92.73344929313653,0.7455197132616488,96.80486755878283,0.6318181818181818,108.28506966549607,0.9076170869788986,131.86148834830996,416.22934805170553,103.40672451056281,235.26821285887277
79,607208,Trea,Turner,75,0.4626666666666667,131.7284307942818,0.617283950617284,101.41959572513126,0.675,104.3251304547786,0.7568238213399504,98.27269284351289,0.654228855721393,112.12595531059813,0.9,130.7548537990868,416.1433743340209,103.38536546757034,234.14021926665714
80,666624,Christopher,Morel,66,0.3303030303030303,94.04243487409427,0.6059113300492611,99.55107706497367,0.6917293233082706,106.91074354597194,0.7559523809523809,98.1595373228695,0.6482558139534884,111.10225693887479,0.6325203252032521,91.89455849655785,415.72361487268995,103.28108173269742,195.17564022925527
81,663586,Austin,Riley,64,0.4125,117.44519676363376,0.6177777777777778,101.50073140171136,0.6827586206896552,105.52426988529331,0.754054054054054,97.91304178330579,0.6459459459459459,110.70637688142683,0.7768460575719649,112.86265853579916,415.64441995173723,103.26140679287896,216.1240653286781
82,672580,Maikel,García,71,0.302112676056338,86.01620044660501,0.6477272727272727,106.42142578702978,0.6090225563909775,94.12793725243182,0.7959697732997482,103.35574916988628,0.6494252873563219,111.30268882346117,0.5975906405652728,86.81986315423875,415.207801032809,103.15293454680345,189.9727977010422
83,694497,Evan,Carter,55,0.37000000000000005,105.34478255162303,0.6919642857142857,113.68955574366275,0.5901639344262295,91.21322881292117,0.7658959537572254,99.45069868495176,0.6453900709219859,110.61110743931992,0.7298792756539236,106.03917553234685,414.9645906808556,103.09251212349217,209.13168765583902
84,571745,Mitch,Haniger,51,0.45588235294117646,129.79683064786622,0.6367041198501873,104.61032457940505,0.7023809523809523,108.55701405347331,0.811965811965812,105.43281618365954,0.5576923076923077,95.58089989843177,0.8161172161172161,118.56809697369368,414.18105471496966,102.89785288538764,221.46594985908132
85,656775,Cedric,Mullins,55,0.44,125.27487654787603,0.601010101010101,98.74580638328688,0.7391304347826086,114.23685782487834,0.7724137931034483,100.29703254233573,0.5884353741496599,100.84984465004601,0.8213725490196078,119.33160840182452,414.129541400547,102.88505507778936,222.21666347961389
86,457705,Andrew,McCutchen,36,0.38055555555555554,108.35011418597861,0.654320987654321,107.50477146863912,0.5775862068965517,89.26926871609407,0.7553956834532374,98.08725080017095,0.6951219512195121,119.13447741755752,0.6587301587301587,95.70240621979018,413.99576840246164,102.85182093025816,198.55422715004835
87,663886,Tyler,Stephenson,40,0.39249999999999996,111.75088419327577,0.70625,116.0366949590158,0.6129032258064516,94.72771701987065,0.7882882882882883,102.35831727645468,0.5882352941176471,100.8155536454047,0.6999002991026919,101.68373475901066,413.93828290074583,102.83753941102577,204.52127417003643
88,592273,Brandon,Drury,51,0.3176470588235294,90.43908199980353,0.6507936507936508,106.92523092163839,0.6813186813186813,105.30171897755432,0.7642857142857142,99.24161096264915,0.59765625,102.4301777467569,0.5714285714285714,83.01895479307099,413.89873860859876,102.82771515009091,185.84666994316188
89,663527,Tyler,Nevin,35,0.31857142857142856,90.70226451355958,0.609271523178808,100.10315593956001,0.7450980392156863,115.15918539670551,0.7970297029702971,103.49337980466883,0.5515463917525774,94.52757323762432,0.6696725201708591,97.29214718689633,413.2832943785587,102.67481609997525,199.9669632868716
90,680779,Henry,Davis,38,0.2881578947368421,82.04305611239488,0.6623376623376623,108.82190907545902,0.6705882352941176,103.64326685703493,0.7879746835443038,102.31759606524162,0.5666666666666667,97.11898334507319,0.5179252479023646,75.24582229814386,411.90175534280877,102.33159083933687,177.57741313748073
91,502671,Paul,Goldschmidt,55,0.3181818181818182,90.59133634660456,0.6591928251121076,108.30521312099893,0.585635359116022,90.51331146475572,0.7252475247524752,94.17254746201232,0.6923076923076923,118.65215159805322,0.5586152635719905,81.15739679810441,411.64322364582017,102.26736202872348,183.42475882682788
92,672386,Alejandro,Kirk,47,0.19893617021276594,56.640236737071604,0.68944099378882,113.27497952355965,0.55,85.00566185204183,0.7295373665480427,94.72957842910935,0.6896551724137931,118.1975456532331,0.4978697504564821,72.33209603547238,411.207765457944,102.15917815105999,174.49127418653237
93,666182,Bo,Bichette,70,0.32071428571428573,91.31236943181223,0.5612244897959184,92.20904060315506,0.7018633540372671,108.47701625387607,0.7366946778711485,95.65894697884086,0.6683417085427136,114.54470693078393,0.6737411568872242,97.8832516302407,410.8897107666559,102.08016163289454,199.96341326313524
94,608348,Carson,Kelly,32,0.2703125,76.96219333374486,0.6146788990825688,100.99158642207107,0.717391304347826,110.87695024179366,0.7741935483870968,100.52813169565908,0.5733333333333334,98.26155961972113,0.5380952380952381,78.17618243014185,410.65822797924494,102.02265276923852,180.19883519938037
95,680777,Ryan,Jeffers,49,0.40816326530612246,116.21046061955104,0.6404494382022472,105.22567942987213,0.6770833333333334,104.64712159815754,0.7481751824817519,97.1496771481012,0.6046511627906976,103.62901095643926,0.8260422027792074,120.01003050696764,410.6514891325701,102.02097859113242,222.03100909810007
96,606466,Ketel,Marte,85,0.4747058823529412,135.156183655262,0.5737051792828685,94.2596147042176,0.725925925925926,112.1960250707084,0.7668393782383419,99.57320125640842,0.6097560975609756,104.50392755926097,0.9117977528089888,132.46886873652804,410.5327685905954,101.99148402897531,234.46035276550333
97,660271,Shohei,Ohtani,66,0.5886363636363636,167.59397224121844,0.6380090497737556,104.8247242331877,0.6137566137566137,94.85961303354354,0.7170731707317073,93.11111710104034,0.6862244897959183,117.60957316847849,1.1548619447779112,167.78200527507204,410.4050275362501,101.95974843878398,269.74175371385604
98,665828,Oswaldo,Cabrera,56,0.42142857142857143,119.98730058968646,0.6244541484716157,102.59765740473321,0.7424242424242424,114.74593473140631,0.7966101694915254,103.43890387046277,0.5222222222222223,89.50180818075374,0.8258706467661692,119.98510630540858,410.28430418735604,101.92975630550573,221.91486261091433
99,641487,J. P.,Crawford,65,0.29384615384615387,83.66259237987525,0.6715867158671587,110.34152621253763,0.6065573770491803,93.7469296132801,0.7811704834605598,101.43407859919292,0.6104294478527608,104.61933066944913,0.5967032967032967,86.69094702430297,410.1418650944598,101.89436918033641,188.58531620463938
100,660670,Ronald,Acuña,59,0.4542372881355932,129.32845498779187,0.6287425149700598,103.30223492721453,0.5811965811965812,89.82727281956247,0.6708229426433915,87.10557878326071,0.7575757575757576,129.83821302817273,0.8229678123295144,119.56337331388886,410.07329955821046,101.87733497178999,221.44070828567885
101,664983,Jake,McCarthy,35,0.41571428571428576,118.36035414101276,0.5510204081632653,90.53251259218858,0.6582278481012658,101.73289795871518,0.7627118644067796,99.03724838661329,0.6927083333333334,118.72081603763544,0.6539485359361136,95.00771689828154,410.02347497515245,101.86495670735897,196.8726736056405
102,605113,Nick,Ahmed,59,0.3686440677966102,104.95872746210723,0.5522388059701493,90.73269504125922,0.765625,118.33174519176278,0.8150943396226416,105.83905186071279,0.5539568345323741,94.94069044736314,0.7047619047619047,102.39004424478755,409.8441825410979,101.82041385274793,204.21045809753548
103,518595,Travis,d'Arnaud,43,0.5034883720930232,143.35100831191946,0.5987654320987654,98.37700785337732,0.7023809523809523,108.55701405347331,0.7642276422764228,99.23407037979356,0.6048387096774194,103.6611539499121,0.9981481481481481,145.01412797882261,409.8292462365563,101.81670312370836,246.83083110253096
104,682985,Riley,Greene,53,0.42452830188679247,120.86984229533493,0.7083333333333333,116.3789860945881,0.5957446808510638,92.07576525559655,0.752913752913753,97.76497500666613,0.6041666666666666,103.54597488996775,0.8236842105263158,119.6674539155385,409.76570124681854,101.80091620412041,221.4683701196589
105,514888,José,Altuve,78,0.48717948717948717,138.70761389333592,0.6540084388185654,107.4534197746011,0.6065573770491803,93.7469296132801,0.719047619047619,93.36749691813098,0.6683937823834197,114.55363168102204,1.0692134831460673,155.33872518752935,409.12147798703427,101.6408673813749,256.97959256890425
106,686668,Brenton,Doyle,53,0.5226415094339623,148.80420584803454,0.5770925110132159,94.81615244399715,0.7073170731707317,109.31991989841299,0.8122977346278317,105.4759159552216,0.577922077922078,99.04800822434892,0.8642254370102471,125.55741185080751,408.65999652198064,101.52621836167724,227.08363021248476
107,543305,Aaron,Hicks,31,0.23870967741935484,67.96437583975678,0.6538461538461539,107.4267563950044,0.6344086021505376,98.05149656442751,0.7389558232931727,95.95255408166656,0.6238938053097345,106.92693897700667,0.45268542199488493,65.76757352213232,408.35774601810516,101.4511281866722,167.21870170880453
108,669394,Jake,Burger,46,0.341304347826087,97.17468190719633,0.5986394557823129,98.35630997669872,0.6956521739130435,107.51704265870903,0.7731481481481481,100.39238769066881,0.5934579439252337,101.71064500954617,0.7023026315789473,102.03275323868799,407.97638533562275,101.3563841249735,203.3891373636615
109,670032,Nicky,Lopez,49,0.24285714285714285,69.14522406863287,0.6227544910179641,102.31840411838391,0.6710526315789473,103.7150419725869,0.7736625514403292,100.45918235979101,0.5921052631578947,101.47881386675606,0.49230769230769234,71.52402259095348,407.97144231751787,101.35515609693124,172.87917868788472
110,641680,Jonah,Heim,56,0.38303571428571426,109.05625413765992,0.5697674418604651,93.61264544954557,0.7171717171717171,110.84301178135847,0.7564575645756457,98.22513482870748,0.6137931034482759,105.19581563137747,0.7450500102061646,108.24322795279464,407.876607690989,101.33159567730816,209.5748236301028
111,595281,Kevin,Kiermaier,37,0.3202702702702703,91.18595129559772,0.5888888888888889,96.75429432177522,0.7727272727272727,119.4294422714637,0.7682926829268293,99.76191117968608,0.536,91.86313248169277,0.5178799489144317,75.23924111753895,407.8087802546178,101.31474483999953,176.5539859575385
112,677951,Bobby,Witt,72,0.4868055555555555,138.6011497160055,0.5941422594142259,97.6174217598711,0.6432432432432432,99.4169411340833,0.7358490566037735,95.54914404092123,0.6689814814814815,114.65435533793365,0.9198924731182796,133.64489537051227,407.23786227280925,101.17290775249155,234.81780312300384
113,669016,Brandon,Marsh,43,0.5499999999999999,156.593595684845,0.6699029126213591,110.0648777684968,0.6129032258064516,94.72771701987065,0.7333333333333333,95.2224803006104,0.625,107.11652574824251,0.8716832504145937,126.64090663008108,407.13160083722033,101.14650849196974,227.78741512205082
114,641598,Mitch,Garver,39,0.2858974358974359,81.3994681531945,0.6982248520710059,114.71816520009521,0.5876288659793815,90.82141941080383,0.7330827067669173,95.18993673249673,0.6203703703703703,106.32307000195922,0.5808080808080809,84.38163965709869,407.0525913453549,101.12687961957694,185.50851927667563
115,657077,Alex,Verdugo,70,0.3314285714285714,94.36289402307544,0.7075098814229249,116.24369315562673,0.578125,89.3525422876576,0.7480314960629921,97.13101963376509,0.6081081081081081,104.22148451180351,0.7689520624303232,111.71579389064799,406.94873958885296,101.10107901223198,212.81687290287996
116,573262,Mike,Yastrzemski,32,0.265625,75.6275888250672,0.6993006993006994,114.89492662567318,0.6056338028169014,93.60418590621762,0.7429906542056075,96.47647218222423,0.5930232558139535,101.63614536112313,0.4993464052287582,72.54662912309536,406.61173007523814,101.01735341696838,173.56398254006373
117,694192,Jackson,Chourio,51,0.3931372549019608,111.93232062321366,0.5634328358208955,92.57187129209555,0.8823529411764706,136.37271954873017,0.8112582781456954,105.34094374013945,0.4217687074829932,72.28543778384801,0.6812587904360057,98.97543726978071,406.5709723648132,101.007227698171,199.9826649679517
118,671277,Luis,García,52,0.41442307692307695,117.9927268184759,0.5845070422535211,96.03435803662781,0.6530612244897959,100.93436657756357,0.75,97.38662758016974,0.6544715447154471,112.16754891360678,0.8246753246753247,119.81144612181835,406.52290110796787,100.99528502465036,220.8067311464687
119,673490,Ha-Seong,Kim,66,0.34924242424242424,99.43477632329692,0.7428571428571429,122.05123919835796,0.46111111111111114,71.26737306787345,0.6923076923076923,89.8953485355413,0.718978102189781,123.22309823301471,0.7745606453471623,112.53062660099393,406.4370590347874,100.97395868700903,213.50458528800294
120,666135,Alex,Kirilloff,52,0.42403846153846153,120.73037709268645,0.6,98.57984704482757,0.7058823529411765,109.09817563898416,0.7576923076923077,98.3854647861202,0.5846153846153846,100.19515023835608,0.8507936507936508,123.60599935857235,406.258637708288,100.92963224764935,224.5356316062217
121,682626,Francisco,Álvarez,41,0.3902439024390244,111.1085379582049,0.5894039735099338,96.83892259370481,0.7352941176470589,113.64393295727517,0.7579908675799086,98.42423244023243,0.5669642857142857,97.16999121447712,0.6517719568567026,94.69149658793651,406.07707920568953,100.88452641801808,195.5760230059546
122,680869,Zack,Gelof,59,0.3728813559322034,106.16514961684409,0.6051502145922747,99.42602598941838,0.6615384615384615,102.2445722975608,0.7575757575757576,98.37033088906034,0.6179775280898876,105.91296927916112,0.6203139643861293,90.12117969204475,405.95389845520066,100.8539237755316,190.97510346757633
123,641857,Ryan,McMahon,60,0.4708333333333333,134.05360842717795,0.6453900709219857,106.03742412623296,0.673202614379085,104.04733417421639,0.7310344827586207,94.92397722756775,0.5886699507389163,100.89004789686685,0.8544428080510555,124.13616049599663,405.89878342488396,100.84023116884005,224.97639166483668
124,572233,Christian,Walker,62,0.3838709677419355,109.2940638504197,0.64,105.15183684781609,0.6375,98.52928987395757,0.7521739130434782,97.66890766011225,0.6095238095238096,104.46411653923842,0.7314457831325301,106.26676270605834,405.81415092112434,100.81920533286315,207.0859680389215
125,691026,Masyn,Winn,52,0.4009615384615385,114.1600164345811,0.648068669527897,106.47751719434166,0.6235294117647059,96.37005514776934,0.7987421383647799,103.7157375486923,0.5777777777777777,99.02327713615307,0.8138622493461203,118.24048825094211,405.58658702695635,100.76267006685433,219.00315831779642
126,605204,J. D.,Davis,35,0.3757142857142857,106.97172900029675,0.5302013422818792,87.11194537518321,0.7636363636363637,118.02439000944649,0.7990196078431373,103.75176663769719,0.5625,96.40487317341825,0.6392592592592592,92.87361220461885,405.29297519574516,100.68972605681464,193.5633382614335
127,665839,Enmanuel,Valdez,46,0.3021739130434783,86.0336355738872,0.59375,97.55297363811063,0.7066666666666667,109.21939583413858,0.7827715355805244,101.64197335458415,0.5648854961832062,96.81371487474743,0.5121212121212121,74.40259357591134,405.22805770158084,100.67359815649625,175.0761917324076
128,657136,Connor,Wong,33,0.5196969696969697,147.96584936612078,0.49230769230769234,80.88602834447391,0.8269230769230769,127.80571537195098,0.7802197802197802,101.31063088926082,0.555045871559633,95.127336627797,0.9015151515151516,130.9749798155836,405.1297112334828,100.64916526587764,231.62414508146122
129,622569,Pablo,Reyes,31,0.25483870967741934,72.55656339649711,0.6642335766423357,109.13340731240035,0.5806451612903226,89.74204770303535,0.7788944723618091,101.13854120553643,0.6097560975609756,104.50392755926097,0.46131528046421666,67.02134672487043,404.5179237802331,100.49717469401304,167.51852141888347
130,656413,Stuart,Fairchild,38,0.275,78.29679784242252,0.5581395348837209,91.70218329751403,0.7714285714285715,119.22872051974697,0.8048780487804879,104.51247837871875,0.5178571428571429,88.7536927628295,0.6187698833510074,89.89685070315441,404.19707495880925,100.41746401084805,190.31431471400248
131,541645,Avisaíl,García,34,0.3661764705882353,104.25616397199578,0.48360655737704916,79.45643409350856,0.8571428571428571,132.47635613305218,0.7804878048780488,101.34543357936363,0.5303030303030303,90.88674911972092,0.6608695652173913,96.01322597807341,404.1649729256453,100.40948868158512,196.42271465965854
132,592450,Aaron,Judge,56,0.34732142857142856,98.88783883344921,0.6903225806451613,113.41982401931776,0.5944055944055944,91.86880174727978,0.7549668874172185,98.03157213368078,0.5883977900552486,100.84340324585924,0.6593975903614457,95.79937280353441,404.1636011461376,100.40914788095125,196.20852068448568
133,687363,Victor,Scott,46,0.15978260869565217,45.492605861012294,0.5279187817258884,86.73692125771632,0.8064516129032258,124.64173292088243,0.8464912280701754,109.91590130393428,0.4830508474576271,82.78836566304844,0.2832080200501253,41.14535917375887,404.0829211455815,100.38910399257561,141.5344631663345
134,624585,Jorge,Soler,63,0.39206349206349206,111.62660356177987,0.6127659574468085,100.67729059897283,0.6118421052631579,94.56371473971159,0.7493540051679587,97.30274590266744,0.6494565217391305,111.30804197317374,0.7874149659863945,114.39814306307103,403.8517932145256,100.33168328832865,214.72982635139968
135,683146,Brett,Baty,54,0.34351851851851856,97.8050909075379,0.553072625698324,90.86969141003661,0.6896551724137931,106.59017160130637,0.7857142857142857,102.0240860363683,0.6071428571428571,104.056053584007,0.6670329670329671,96.90866453729635,403.54000263171827,100.25422300578906,197.1628875430854
136,664023,Ian,Happ,56,0.3464285714285714,98.63362845084394,0.6317991631799162,103.80444144887701,0.5780346820809249,89.3385831340429,0.7354368932038835,95.49562510288489,0.6702127659574468,114.8653808023707,0.7137020741671904,103.68890040426221,403.5040304881755,100.24528619834194,203.93418660260414
137,663538,Nico,Hoerner,66,0.3560606060606061,101.37601924500987,0.6481481481481481,106.4905755113878,0.6,92.73344929313653,0.7398843930635838,96.07312778621754,0.6298701298701299,107.95119997485219,0.8031326781326782,116.68166212278597,403.248352565594,100.18176637056533,216.8634284933513
138,666150,Dominic,Fletcher,40,0.31,88.26184484054902,0.6741573033707865,110.76387308407594,0.5802469135802469,89.68049622998801,0.7683397683397684,99.76802516578522,0.6,102.8318647183128,0.5695976154992548,82.7529477099039,403.04425919816197,100.13106204921156,182.8840097591155
139,642180,Tyler,Wade,31,0.22096774193548388,62.91296952734243,0.6516129032258065,107.0598338873934,0.6666666666666666,103.03716588126281,0.8167539267015707,106.05454731243616,0.5064102564102564,86.7918516319093,0.4659552845528455,67.69546123179911,402.94339871300167,100.10600458401409,167.8014658158132
140,605361,Nick,Martini,33,0.4590909090909091,130.7103567286723,0.5447761194029851,89.50657754070166,0.7916666666666666,122.35663448399958,0.7692307692307693,99.88372059504589,0.5303030303030303,90.88674911972092,0.7388888888888889,107.34812071159597,402.633681739468,100.02905946251232,207.37718017410828
141,669134,Luis,Campusano,58,0.35344827586206895,100.63224801063708,0.5393939393939393,88.62228673726923,0.7428571428571429,114.81284198197856,0.7787234042553192,101.11632821089964,0.5703125,97.74382974527128,0.7225108225108225,104.9686632951784,402.2952866754187,99.94498964540867,204.91365294058707
142,666160,Mickey,Moniak,35,0.22142857142857142,63.04417488610644,0.5909090909090908,97.08621299869381,0.7162162162162162,110.69533361568101,0.7456140350877193,96.81711513818044,0.5689655172413793,97.51297516391732,0.45913043478260873,66.70392541634574,402.11163691647255,99.89936427055544,166.60328968690118
143,643217,Andrew,Benintendi,63,0.19126984126984128,54.45751307366184,0.5933014354066986,97.47927458978165,0.6555555555555556,101.31987978324177,0.7859531772575251,102.05510582537298,0.5902777777777778,101.16560765111792,0.3858743995730297,56.06105633442434,402.0198678495143,99.87656544901638,155.93762178344073
144,668227,Randy,Arozarena,60,0.2375,67.61996177300126,0.6556016597510373,107.71518556765392,0.5469613259668509,84.53601731142282,0.7227488151658767,93.84809292875757,0.6758241758241759,115.82710036952817,0.46635610766045543,67.75369408383783,401.9263961773625,99.85334363753917,167.607037721377
145,701538,Jackson,Merrill,61,0.3950819672131148,112.48601061117036,0.5451263537906137,89.56412096130543,0.8928571428571429,137.9962043052627,0.8098360655737705,105.15627109203027,0.40066225165562913,68.66807743331043,0.8016349683016349,116.46407008946207,401.3846737919088,99.71875981317402,216.1828299026361
146,592626,Joc,Pederson,42,0.3904761904761904,111.17467399270382,0.6601307189542484,108.45930884016977,0.5392156862745098,83.33888416866844,0.7372549019607844,95.7316914252126,0.6635514018691588,113.72371331776026,1.0157666535277887,147.57380030668185,401.25359775181107,99.68619568949613,247.25999599617796
147,605141,Mookie,Betts,70,0.4607142857142857,131.17255742431823,0.7549407114624506,124.03656643980281,0.47674418604651164,73.68355467090306,0.7011764705882353,91.0469490788724,0.65625,112.47235203565462,1.0253658536585366,148.96840253966423,401.2394222252329,99.68267396576731,248.65107650543155
148,575929,Willson,Contreras,45,0.45555555555555555,129.70378632482112,0.5476190476190477,89.97366992186645,0.71,109.73458166354489,0.746268656716418,96.90211699519378,0.608843537414966,104.34752712345801,0.9166666666666667,133.1762399805514,400.9578957040631,99.61273239256184,232.78897237311324
149,663743,Nick,Fortes,39,0.16153846153846155,45.9925246067377,0.6181818181818182,101.56711513709509,0.6585365853658537,101.78061507783278,0.7814569536423841,101.47127641907309,0.5579710144927537,95.62866646509765,0.34850948509485097,50.63256307908029,400.4476730990986,99.48597427567847,150.11853735475876
150,686217,Sal,Frelick,58,0.36896551724137927,105.05024914281138,0.680952380952381,111.8803025984948,0.559322033898305,86.44643578173743,0.7378048780487805,95.80310518049218,0.6203007518796992,106.31113833660157,0.6804953560371516,98.86452309955031,400.44098189732597,99.48431193432367,198.34883503387397
151,643396,Isiah,Kiner-Falefa,49,0.3704081632653062,105.46099301224258,0.6318407960199005,103.81128171387314,0.6551724137931034,101.26066302124104,0.803088803088803,104.28014690695137,0.53125,91.04904688600612,0.7333333333333334,106.54099198444112,400.40113852807167,99.47441337160258,206.0154053560437
152,676609,José,Caballero,56,0.4276785714285714,121.76677326792331,0.5654450261780104,92.90247365481133,0.6722689075630253,103.90302441808015,0.7451612903225806,96.75832675707187,0.6226993865030674,106.722231788433,0.7782534246575342,113.0671252885939,400.28605661839634,99.44582277993564,212.51294806852954
153,683011,Anthony,Volpe,65,0.4046153846153846,115.20032353878109,0.6610169491525424,108.604916235827,0.6311475409836066,97.54748081381848,0.7553956834532374,98.08725080017095,0.556497175141243,95.37607038374587,0.7893183038110574,114.67466601750888,399.6157182335623,99.27928599675623,213.9539520142651
154,656811,Ryan,O'Hearn,50,0.40399999999999997,115.02511392123162,0.6622516556291391,108.80777819517394,0.5967741935483871,92.234882361453,0.7699530516431925,99.97750812612105,0.5738636363636364,98.35244636884084,0.929733246584255,135.07459414363842,399.37261505158887,99.2188901984214,234.29348434205983
155,642133,Rowdy,Tellez,47,0.2914893617021277,82.9915768233028,0.6551724137931034,107.64466056619104,0.5842696629213483,90.30223526672471,0.7705479452054794,100.0547543631881,0.5901639344262295,101.1460964442421,0.5396825396825397,78.40679063790037,399.147746640346,99.16302458980596,177.56981522770633
156,683734,Andrew,Vaughn,51,0.23235294117647057,66.15451368504148,0.6568627450980392,107.92238156868379,0.625,96.59734301368388,0.6896551724137931,89.55092191279977,0.6125,104.97419523327767,0.45,65.3774268995434,399.04484172844514,99.13745921358844,164.51488611313184
157,683002,Gunnar,Henderson,65,0.5046153846153846,143.6718863905711,0.5990990990990991,98.43182925647199,0.575,88.86955557258916,0.743455497382199,96.53683152798675,0.6712707182320442,115.04669947767042,0.9277777777777777,134.7904974348611,398.8849158347183,99.09772772201504,233.88822515687613
158,467793,Carlos,Santana,49,0.17244897959183672,49.09891961176031,0.6137566137566137,100.84005517813051,0.61,94.27900678135546,0.7577854671280276,98.39756143048291,0.6119402985074627,104.87826998633894,0.38781502324443357,56.34299629490596,398.39489337630783,98.97598806670716,155.3189843616131
159,666969,Adolis,García,66,0.5189393939393939,147.75015570815268,0.5669642857142857,93.15208760932367,0.7008547008547008,108.32112310594295,0.7419354838709677,96.33945954167329,0.5810055865921788,99.57647980171818,0.9847001223990208,143.0603561558076,397.38915005865806,98.7261243253267,241.78648048113428
160,665750,Leody,Taveras,61,0.27377049180327867,77.9467376434251,0.6153846153846154,101.10753543059239,0.6625,102.3931835945049,0.76,98.68511594790533,0.5546875,95.06591660156522,0.5930555555555556,86.16099162378097,397.2517515745679,98.69198947332987,184.85298109711084
161,669004,MJ,Melendez,51,0.42058823529411765,119.74804375899915,0.6208530805687205,102.0060028662908,0.6320754716981132,97.69089784025388,0.7444794952681388,96.66979646233463,0.5850340136054422,100.266897571144,0.7919607843137255,115.0585739639459,396.63359474002334,98.5384165121889,213.5969904761348
162,665742,Juan,Soto,74,0.4506756756756757,128.3144082577293,0.7007299270072993,115.12974837352125,0.4909090909090909,75.87282214892988,0.7312072892938497,94.94641595515411,0.6441717791411042,110.40230874665484,1.030246913580247,149.67753840238402,396.35129522426007,98.46828289861111,248.14582130099512
163,457759,Justin,Turner,56,0.4205357142857143,119.73309020708118,0.618421052631579,101.60642129620388,0.583941605839416,90.25153215877035,0.7424657534246575,96.40831442639633,0.6287425149700598,107.75794207008826,0.8949763378230797,130.02500022855435,396.02420995145883,98.387022850865,228.41202307941933
164,641355,Cody,Bellinger,68,0.3316176470588235,94.41672680998009,0.5837837837837838,95.91552685442683,0.5777777777777777,89.29887709709443,0.740625,96.16929473541761,0.667741935483871,114.44191396070296,0.7131760644418872,103.6124800434523,395.82561264764183,98.33768395445975,201.95016399791206
165,593871,Jorge,Polanco,47,0.3191489361702128,90.8666899525213,0.6704980842911877,110.16266432212534,0.5625,86.9376087123155,0.7308641975308642,94.90186588882385,0.6047904191616766,103.65287761027537,0.6354405502784146,92.31881805518375,395.65501653354005,98.29530158652709,190.61411964171083
166,681351,Logan,O'Hoppe,50,0.45399999999999996,129.26089534712662,0.6153846153846154,101.10753543059239,0.6521739130434783,100.79722749253972,0.75,97.38662758016974,0.5607142857142857,96.0988259569947,0.8480753480753481,123.21107572022423,395.39021646029653,98.22951548001528,221.4405912002395
167,663898,Brendan,Rodgers,49,0.30000000000000004,85.41468855537003,0.5179487179487179,85.09884232074857,0.7714285714285715,119.22872051974697,0.769811320754717,99.95910453511763,0.5304054054054054,90.90429482418418,0.5276018099547511,76.65166391640786,395.19096219979735,98.18001337133543,174.83167728774328
168,624413,Pete,Alonso,68,0.42794117647058827,121.84154102751312,0.6370656370656371,104.66972176574359,0.6390977443609023,98.77623045008278,0.7244897959183674,94.07415725431363,0.5698324022346368,97.66154749783897,0.8662538699690403,125.85210902299447,395.181656967979,98.17770160848727,224.02981063148172
169,665862,Jazz,Chisholm,59,0.4025423728813559,114.61010470000215,0.6640625,109.10529946367635,0.5774647887323944,89.25050284081215,0.7261306532663316,94.28722067225813,0.5982142857142857,102.52581750188925,0.725077399380805,105.34154372117692,395.1688404786359,98.17451751974173,203.51606124091865
170,527038,Wilmer,Flores,53,0.22358490566037736,63.65811694220973,0.6727272727272727,110.5289194138976,0.5454545454545454,84.3031357210332,0.7090909090909091,92.07462971216049,0.631578947368421,108.2440681245398,0.5601648351648352,81.38252347263065,395.1507529716311,98.1700239157643,179.55254738839494
171,656941,Kyle,Schwarber,56,0.40714285714285714,115.91993446800217,0.6431226765799256,105.66489181384864,0.5724137931034483,88.46984242908428,0.7439613526570048,96.60251624699606,0.6089385474860335,104.36381056141614,0.7637349397590362,110.95783376605239,395.10106105134514,98.15767860965971,209.11551237571211
172,542303,Marcell,Ozuna,69,0.5108695652173914,145.4525493515359,0.6081081081081081,99.91200714002795,0.6038961038961039,93.33561454828677,0.7180851063829787,93.24251576824763,0.6333333333333333,108.5447460915524,1.1102971102971102,161.30748481160802,395.03488354811475,98.14123767660831,259.44872248821633
173,660821,Jesús,Sánchez,39,0.3974358974358974,113.1562113340372,0.515625,84.7170560541487,0.7464788732394366,115.37260123324498,0.7336683417085427,95.26598074844075,0.5782608695652174,99.10607251837394,0.5508760107816711,80.03301361242397,394.46171055420837,97.99884036090917,178.03185397333314
174,650559,Bryan,De La Cruz,70,0.44571428571428573,126.90182299654975,0.5234657039711191,86.00528171780985,0.7166666666666667,110.76495332235751,0.7707808564231738,100.08499761387722,0.5665137614678899,97.0927774672143,0.7791666666666667,113.19980398346867,393.9480101212589,97.87121822325932,211.071022206728
175,543760,Marcus,Semien,86,0.38953488372093026,110.90666924825176,0.5687203791469194,93.44061331263276,0.6328125,97.80480980135493,0.7433628318584071,96.52479901751337,0.6191860465116279,106.12009295058442,0.8391304347826087,121.91153035373794,393.8903150820855,97.85688464719277,219.7684150009307
176,668715,Spencer,Steer,61,0.4540983606557377,129.2889001630464,0.6600790513833992,108.45081987145062,0.5777777777777777,89.29887709709443,0.729381443298969,94.70933197659119,0.5914634146341463,101.36880973248314,0.9438982070561017,137.13252451648972,393.8278386776194,97.84136320360577,234.9738877200955
177,682998,Corbin,Carroll,78,0.27692307692307694,78.84432789726463,0.6376306620209059,104.7625552218551,0.65,100.46123673423124,0.7395577395577395,96.03071220845565,0.5384615384615384,92.28500679848585,0.6173563218390805,89.69148400445661,393.53951096302785,97.76973196306233,187.46121596751894
178,666134,Nolan,Jones,49,0.3040816326530612,86.57679316156552,0.6884422110552764,113.1108797750534,0.4788732394366197,74.012612111893,0.6504854368932039,84.46477731872328,0.7103658536585366,121.74707560653903,0.46958070704302546,68.22217410698067,393.33534481220875,97.7190095596303,165.94118366661098
179,672356,Gabriel,Arias,33,0.5227272727272727,148.82862399799322,0.4285714285714286,70.41417646059114,0.7894736842105263,122.01769643833755,0.7654320987654321,99.39046765383578,0.5904761904761905,101.19961289738721,0.814975845410628,118.40227501828203,393.0219534501517,97.6411515844733,216.04342660275535
180,571448,Nolan,Arenado,80,0.34375,97.87099730302813,0.6379310344827587,104.81190634076496,0.627906976744186,97.04663298118939,0.7119113573407202,92.44086163657848,0.5757575757575758,98.67704190141127,0.737933458294283,107.20931272524834,392.9764428599441,97.62984507500697,204.8391578002553
181,600869,Jeimer,Candelario,45,0.38333333333333336,109.1409909318617,0.6029411764705883,99.06308158916498,0.6530612244897959,100.93436657756357,0.7384105960264901,95.8817569553106,0.5655172413793104,96.92198743565115,0.6939212328767124,100.81507705875177,392.8011925576903,97.58630643504709,198.40138349379885
182,686469,Vinnie,Pasquantino,67,0.3738805970149254,106.44964916975219,0.6597222222222222,108.39219293123404,0.6590909090909091,101.86628899624846,0.7579787234042553,98.42265553315028,0.49038461538461536,84.04527404862104,0.875,127.12277452688996,392.7264115092538,97.56772806398682,224.69050259087678
183,608324,Alex,Bregman,66,0.24469696969696966,69.66905152369827,0.6584158415841583,108.1775549254296,0.5289256198347108,81.74849524463826,0.7306501547987616,94.87407268904049,0.6278195488721805,107.59975819522707,0.6049196787148594,87.8846490561689,392.3998810543354,97.48660585346971,185.3712549096386
184,647304,Josh,Naylor,69,0.4601449275362319,131.01045225280183,0.5,82.14987253735632,0.6545454545454545,101.16376286523985,0.7608695652173914,98.79802797988235,0.6419354838709678,110.01903805884005,1.0026869682042094,145.67354214865668,392.1307014413186,97.41973170771956,243.09327385637624
185,650490,Yandy,Díaz,83,0.30120481927710846,85.75771943310244,0.6218487394957983,102.16958937419105,0.5694444444444444,88.01091252357864,0.6784140969162996,88.09128133536646,0.6643192488262911,113.85531187512726,0.48655913978494625,70.68885465243343,392.1270951082634,97.41883576155317,168.1076904139866
186,656896,Emmanuel,Rivera,32,0.253125,72.06864346859345,0.6275862068965516,103.1122538055093,0.6037735849056604,93.31667853397386,0.7777777777777778,100.99353971276861,0.5523255813953488,94.66111577751663,0.5510869565217391,80.06366047842633,392.08358782976836,97.40802694861723,177.47168742704355
187,516782,Starling,Marte,70,0.45357142857142857,129.1388743634761,0.5551330798479088,91.20822350155152,0.6504854368932039,100.53626379676615,0.7896174863387978,102.53091209715501,0.5706521739130435,97.80204524839532,0.7854524627720504,114.11302437321346,392.077444643868,97.40650075462108,211.51952512783453
188,691023,Jordan,Walker,40,0.255,72.60248527206453,0.551948051948052,90.68492422954918,0.6781609195402298,104.81366874128457,0.7344398340248963,95.366158128299,0.58984375,101.09122117490385,0.5289205072687906,76.84324844363283,391.95597227403664,97.37632253691108,174.2195709805439
189,681546,James,Outman,38,0.36052631578947364,102.6474765972429,0.5443786982248521,89.44128134244711,0.64,98.9156792460123,0.7509293680297398,97.50730493776598,0.6170212765957447,105.74908073869047,0.6028921023359288,87.5900763306205,391.61334626491583,97.2912015969746,184.8812779275951
190,673237,Yainer,Diaz,72,0.39791666666666664,113.29309384774773,0.5708661417322834,93.79316155839894,0.696078431372549,107.58292319955383,0.7528089887640449,97.75137150369096,0.5388888888888889,92.35824886737353,0.7948275862068965,115.47507203329313,391.4857051290172,97.25949083021136,212.7345628635045
191,671213,Triston,Casas,52,0.47596153846153844,135.5136885734236,0.645021645021645,105.97689184472807,0.5492957746478874,84.8968197754067,0.7238605898123325,93.99245557335418,0.621875,106.58094311950128,0.8423659673659674,122.38159878695933,391.4471103129902,97.24990245417031,219.63150124112963
192,642708,Amed,Rosario,67,0.4723880597014925,134.49626332226174,0.5193370165745856,85.32693943106622,0.7009345794392523,108.33346880039313,0.7361111111111112,95.5831715138703,0.595679012345679,102.09130602178173,0.9017543859649122,131.00973655503043,391.3348857671114,97.22202173707689,228.23175829210732
193,665926,Andrés,Giménez,73,0.34452054794520554,98.09038434555052,0.52,85.43586743885058,0.7063492063492064,109.17033051705228,0.7378917378917379,95.81438383006254,0.5862944162436549,100.48291349378282,0.7375547590601355,107.15429409969856,390.9034952797482,97.11484842627588,204.26914252597444
194,687263,Zach,Neto,50,0.28,79.72037598501203,0.536697247706422,88.17922098046503,0.7311827956989247,113.0085045149334,0.7459807073954984,96.86472711082263,0.5414201183431953,92.7920672754006,0.5025025025025025,73.00515694265553,390.8445198816217,97.10019676181369,170.10535370446922
195,672275,Patrick,Bailey,42,0.46309523809523806,131.85045177793228,0.5813953488372092,95.5231076015771,0.6447368421052632,99.64778542464234,0.7580645161290323,98.43379561866618,0.5661157024793388,97.02455555377999,0.9323529411764706,135.45519168075333,390.6292441986656,97.04671434077476,232.5019060215281
196,643289,Mauricio,Dubón,46,0.34021739130434786,96.86520839793775,0.5275590551181102,86.67781826776178,0.7333333333333333,113.34088246938909,0.7379679144385026,95.82427526604937,0.5528846153846154,94.7569266234453,0.7775000000000001,112.95766536532224,390.59990262664553,97.03942481189173,209.99709017721398
197,608070,José,Ramírez,81,0.32222222222222224,91.74170252243447,0.5427350427350428,89.1712291644808,0.696969696969697,107.72067342132021,0.7240437158469946,94.016234275938,0.5778894472361809,99.0424157672192,0.6684775898259044,97.11854391739118,389.95055262895823,96.87810231832877,193.99664623571994
198,666971,Lourdes,Gurriel,80,0.39,111.03909512198102,0.5780590717299579,94.9749581233571,0.593939393939394,91.79674778512505,0.7238805970149254,93.99505348533795,0.6363636363636364,109.06409894366509,0.8590298590298591,124.80258180722153,389.8308583374852,96.84836584087523,221.65094764809675
199,642715,Willy,Adames,65,0.4430769230769231,126.15092463562341,0.6129032258064516,100.69984375546903,0.5905511811023622,91.27308001292965,0.744,96.60753455952837,0.5906432748538012,101.22824889424555,0.8784425451092117,127.62291839628077,389.80870722217264,96.84286268669004,224.4657810829708
200,650489,Willi,Castro,35,0.42142857142857143,119.98730058968646,0.6282722513089005,103.22497072756815,0.6017699115044248,93.0069992910514,0.7105263157894737,92.26101560226606,0.5899280575539568,101.10567034654257,0.5791079812206572,84.13464379821261,389.59865596742816,96.79067820634495,180.92532200455756
201,669257,Will,Smith,58,0.4060344827586207,115.60436295856114,0.5714285714285714,93.8855686141215,0.584070796460177,90.27149931190283,0.7457627118644068,96.83642064468856,0.6319444444444444,108.30670936766742,0.8244084682440846,119.77267637331599,389.3001979383803,96.71653022198925,216.48920659530523
202,547989,José,Abreu,43,0.13372093023255813,38.07243869716105,0.5616438356164384,92.27793901456464,0.5982905982905983,92.46925143190252,0.7110266159695817,92.3259789986907,0.6529850746268657,111.91278809517875,0.23444700460829493,34.06120423465715,388.98595754033664,96.63846131497274,130.69966554962988
203,606192,Teoscar,Hernández,51,0.5235294117647059,149.05700551819473,0.5567010309278351,91.46583746427301,0.6013513513513513,92.9423084131661,0.7192982456140351,93.40004048624466,0.6485714285714286,111.15634900503338,0.8638149279790485,125.49777179707687,388.9645353687172,96.63313925729122,222.13091105436808
204,680977,Brendan,Donovan,69,0.28405797101449276,80.87574375291075,0.7026022304832713,115.43736735732597,0.49295774647887325,76.18945364459574,0.7274939172749392,94.46423891799108,0.6,102.8318647183128,0.6699850671976108,97.33755500999438,388.9229246382256,96.62280161684188,193.96035662683624
205,682829,Elly,De La Cruz,47,0.6638297872340425,189.0027151012443,0.65234375,107.17991182608206,0.6547619047619048,101.19721649052597,0.7441176470588236,96.62281089326645,0.4895833333333333,83.90794516945662,1.0371137304874163,150.67517133656403,388.9078843793311,96.61906506170624,247.29423639827027
206,663624,Ryan,Mountcastle,62,0.4669354838709677,132.94382976763237,0.5829145728643217,95.77271572194306,0.639344262295082,98.81433121399795,0.7133956386292835,92.63359383534318,0.593167701863354,101.66090145547486,0.899706457925636,130.7122070757342,388.88154222675905,96.6125206992609,227.3247277749951
207,657757,Gavin,Sheets,45,0.43222222222222223,123.06042165940347,0.602803738317757,99.04050053569125,0.6046511627906976,93.45231324114533,0.77,99.98360431564093,0.5620437956204379,96.32668592834654,0.88558352402746,128.66038245676734,388.80310402082404,96.59303375536761,225.25341621213494
208,646240,Rafael,Devers,38,0.2986842105263158,85.04006272837277,0.5725806451612903,94.07485403471448,0.5849056603773585,90.40053232978718,0.7,90.89418574149175,0.6608695652173913,113.26408287814162,0.7454545454545455,108.30200011641533,388.633654984135,96.55093636377929,204.85293648019461
209,669357,Nolan,Gorman,46,0.3923913043478261,111.71993684234991,0.5527426160337553,90.81547090627576,0.6551724137931034,101.26066302124104,0.7507082152974505,97.47858851272892,0.5769230769230769,98.87679299837768,0.6098901098901099,88.60676905798923,388.43151543862336,96.5007174438659,185.10748650185513
210,676369,Nelson,Velázquez,44,0.45,128.12203283305504,0.624031007751938,102.52813549235944,0.6984126984126984,107.94369758989437,0.7663551401869159,99.51032350870926,0.4574468085106383,78.40018054764984,0.7667081776670818,111.38979519713727,388.3823371386129,96.48849973998489,207.87829493712218
211,642350,José,Siri,36,0.41944444444444445,119.42238862834142,0.6129032258064516,100.69984375546903,0.6396396396396397,98.85998348067108,0.7325905292479109,95.12602805416765,0.5449101796407185,93.39021646074316,0.5696649029982364,82.76272345111707,388.0760717510509,96.41241211976545,179.1751355708825
212,553993,Eugenio,Suárez,63,0.39126984126984127,111.40063877724185,0.6354166666666667,104.398796349557,0.576271186440678,89.06602474482041,0.7586206896551724,98.50601410407972,0.5578034682080925,95.59995130363377,0.7108492881688757,103.27443860856252,387.5707865020909,96.28688062424975,199.56131923281225
213,669720,Austin,Hays,34,0.1323529411764706,37.682950833251475,0.5925925925925926,97.362811896126,0.6166666666666667,95.3093784401681,0.7261904761904762,94.2949886093707,0.5864197530864198,100.5043945292152,0.29478458049886624,42.8272385837271,387.4715734748801,96.26223244838067,139.08947103210778
214,664034,Ty,France,53,0.33207547169811324,94.54707663990645,0.6105769230769231,100.31763281004089,0.5833333333333334,90.15752014610496,0.7532894736842105,97.81376191166171,0.5766423357664233,98.82867777064125,0.7013190252626872,101.88985179415637,387.1175926384488,96.1742905504674,198.06414234462378
215,519203,Anthony,Rizzo,67,0.308955223880597,87.9643807510527,0.5882352941176471,96.64690886747802,0.6530612244897959,100.93436657756357,0.7621621621621621,98.9658701895779,0.5284090909090909,90.56215358715049,0.6031976744186047,87.63447081172647,387.10929922176996,96.17223015982515,183.8067009715516
216,679032,Johan,Rojas,49,0.32653061224489793,92.96836849564083,0.5673758865248226,93.21971351756744,0.6212121212121212,96.01190457117671,0.7584541062801933,98.48438344661288,0.5784313725490197,99.1352944179813,0.6851851851851851,99.545876349099,386.85129595333837,96.10813263035872,195.65400897945773
217,592669,Hunter,Renfroe,47,0.26063829787234044,74.20779679455907,0.6612021857923498,108.63535056852585,0.5463917525773195,84.44798646969477,0.7214285714285714,93.6766608152109,0.5826086956521739,99.8512309583617,0.5303322099181512,77.04834508088275,386.61122881179324,96.04849109646403,173.0968361773468
218,677587,Brayan,Rocchio,54,0.29907407407407405,85.15106297340898,0.5376344086021505,88.33319627672721,0.625,96.59734301368388,0.7819548872180451,101.53593251466317,0.5808823529411765,99.55535922483716,0.6091269841269842,88.49589972733611,386.0218310299114,95.90206294490893,184.39796267224506
219,571970,Max,Muncy,45,0.42888888888888893,122.1113695643438,0.651063829787234,106.96962126140863,0.5675675675675675,87.72083041242644,0.7312138728323699,94.9472708199728,0.5620689655172414,96.33099970738498,0.757558362035974,110.0604809692105,385.96872220119286,95.88886875270197,205.94934972191248
220,665833,Oneil,Cruz,53,0.43207547169811317,123.01863949169642,0.6060606060606061,99.57560307558342,0.7066666666666667,109.21939583413858,0.7679012345679013,99.71108206562236,0.44808743169398907,76.79611026322085,0.6432062561094819,93.44704442250365,385.30219123856523,95.7232778736522,189.17032229615586
221,668804,Bryan,Reynolds,70,0.35214285714285715,100.26057489951768,0.6348684210526316,104.3087197349327,0.574468085106383,88.78734506789668,0.7348314606741573,95.41701039315507,0.5598958333333334,95.95855431613391,0.7088372093023256,102.98211741075365,384.4716295121184,95.51693570187186,198.49905311262552
222,682928,CJ,Abrams,58,0.5189655172413793,147.75759342049642,0.5360824742268041,88.07821385448513,0.6573426573426573,101.59608663816822,0.6943620178041543,90.16210031161116,0.6086956521739131,104.32218159828837,1.0548747027620267,153.25554170667107,384.15858240255284,95.439163251733,248.6947049584041
223,643446,Jeff,McNeil,62,0.2959677419354839,84.26664166618495,0.5542857142857143,91.06900155569787,0.5660377358490566,87.4843861256005,0.7508896797153025,97.5021514563028,0.6304347826086957,108.04797379822722,0.7094192107222637,103.06667242250349,384.10351293582835,95.42548196471859,198.49215438722206
224,621566,Matt,Olson,56,0.43660714285714286,124.308877093976,0.6020408163265306,98.91515264702086,0.4956521739130435,76.60589289433018,0.6572769953051644,85.34665327839602,0.71875,123.18400461047887,0.7817831590533847,113.57993629401504,384.05170343022587,95.4126105723049,208.99254686631994
225,677594,Julio,Rodríguez,58,0.3905172413793103,111.18636182638684,0.5510204081632653,90.53251259218858,0.6991150442477876,108.05224917636853,0.7206703910614525,93.57821197647594,0.5343915343915344,91.58746328526979,0.6255622188905547,90.88366274807424,383.75043703030286,95.33776488502468,186.22142763309893
226,650333,Luis,Arráez,89,0.3129213483146068,89.093598362062,0.5799256505576208,95.28163654890398,0.6102941176470589,94.32446435453839,0.7358024691358025,95.54309471239698,0.5739795918367347,98.37231956471251,0.7377777777777778,107.18669496616498,383.5215151805519,95.28089225275487,202.46758721891985
227,669261,Jack,Suwinski,58,0.2672413793103448,76.08779727633535,0.5671641791044777,93.18493004237433,0.575,88.86955557258916,0.7383177570093458,95.86970191692721,0.6153846153846154,105.46857919826955,0.5640880858272163,81.95250576904932,383.39276673016025,95.24890638822339,177.20141215727273
228,669127,Shea,Langeliers,47,0.33085106382978724,94.19846858411375,0.6018957345971564,98.8913157558697,0.6666666666666666,103.03716588126281,0.7420494699646644,96.35426050334816,0.4962121212121212,85.04402953345314,0.6189808321645629,89.9274980156828,383.32677167393376,95.23251078173813,185.16000879742091
229,519317,Giancarlo,Stanton,47,0.44574468085106383,126.9104769670214,0.5758928571428572,94.61904961891933,0.696969696969697,107.72067342132021,0.7551724137931034,98.05825949451574,0.48226950354609927,82.6544539107006,0.8088325495808628,117.50975752043149,383.0524364454559,95.16435579091987,212.67411331135136
230,547180,Bryce,Harper,59,0.38813559322033897,110.5082693738968,0.5475113122171946,89.95596902280647,0.6825396825396826,105.4904317355786,0.7031700288184438,91.30581029610535,0.5618279569892473,96.2896941134739,0.772192513368984,112.18657687812322,383.04190516796433,95.16173943309838,207.3483163112216
231,665804,Miguel,Amaya,33,0.4090909090909091,116.4745753027773,0.4528301886792453,74.39988456213402,0.7857142857142857,121.43665978863116,0.7835820895522388,101.74722284495346,0.49375,84.62205534111158,0.7797202797202798,113.28023464334251,382.20582253683017,94.95402566493078,208.2342603082733
232,624512,Reese,McGuire,32,0.4171875,118.77980127231143,0.631578947368421,103.76826004718691,0.5614035087719298,86.76813968948447,0.7607655502392344,98.78452175596163,0.5397727272727273,92.50972678257308,0.7487528344671202,108.78118600266681,381.8306482752061,94.86081853838671,203.64200454105352
233,664913,Seth,Brown,43,0.33488372093023255,95.34662908506421,0.5606060606060606,92.10743284491465,0.6986301369863014,107.97730397146034,0.7306273062730627,94.87110583455649,0.5,85.693220598594,0.5637362637362637,81.90139194008734,380.64906324952545,94.56726923003474,176.46866117012206
234,642731,Thairo,Estrada,67,0.3440298507462687,97.95067518414324,0.5700483091787439,93.6587918783386,0.6521739130434783,100.79722749253972,0.6987577639751553,90.73288283866746,0.5548780487804879,95.0985740789275,0.6435518504484021,93.49725346390288,380.2874762884733,94.47743769018021,187.97469115408308
235,663647,Ke'Bryan,Hayes,66,0.35909090909090907,102.23879387688228,0.6302521008403361,103.55025950086932,0.5078125,78.48534119861816,0.73224043715847,95.08056900359013,0.5980392156862745,102.49581287282811,0.7419530823786142,107.79329645799724,379.6119825759057,94.30962013341481,202.10291659141205
236,592696,Eddie,Rosario,37,0.19459459459459458,55.404122306185954,0.5384615384615384,88.46909350176834,0.6875,106.25707731505227,0.711340206185567,92.36669832345996,0.5384615384615384,92.28500679848585,0.4023957409050577,58.461329190462266,379.37787593876635,94.25145940869399,152.71278859915626
237,572191,Michael,Taylor,36,0.4847222222222222,138.00799215659322,0.5593220338983051,91.89646758416131,0.6623376623376623,102.36809337554034,0.7244094488188977,94.06372427690935,0.5271317829457365,90.34324032099835,0.6738857501569366,97.90425859895355,378.67152555760936,94.07597591716672,191.98023451612028
238,623993,Anthony,Santander,69,0.3521739130434783,100.26941699978221,0.5048076923076923,82.93977515790782,0.6666666666666666,103.03716588126281,0.6957746478873239,90.34552868470206,0.5970149253731343,102.32026340130626,0.7644986449864498,111.06878728311469,378.64273312517895,94.0688228148152,205.1376100979299
239,608385,Jesse,Winker,52,0.4634615384615385,131.95474321694985,0.6213235294117647,102.08329749127365,0.5252525252525253,81.18079736099494,0.7762803234501348,100.79909701020264,0.5516129032258065,94.53897240231984,1.0012210012210012,145.46056181691924,378.6021642647911,94.05874401333358,239.51930583025282
240,671056,Iván,Herrera,37,0.3567567567567568,101.5742242280076,0.6170212765957447,101.3764384503546,0.6486486486486487,100.25237761420168,0.7822222222222223,101.57064565398444,0.4375,74.98156802376975,0.7366694011484823,107.02566649492293,378.18102974231044,93.95411866254588,200.97978515746883
241,595777,Jurickson,Profar,57,0.4228070175438597,120.3797657417788,0.6111111111111112,100.40539976787994,0.5614035087719298,86.76813968948447,0.7377049180327869,95.79012548869154,0.5555555555555556,95.21468955399334,0.8690189328743545,126.25382612958296,378.1783545000493,93.95345403368012,220.20728016326308
242,670541,Yordan,Álvarez,78,0.39551282051282055,112.6086812791951,0.6119402985074627,100.54163504571967,0.49411764705882355,76.36872294728892,0.6792452830188679,88.19920988392731,0.6574074074074074,112.67071597222544,0.8615998123387286,125.17595277296788,377.7802838491613,93.85455859940862,219.0305113723765
243,608841,Joey,Meneses,50,0.27699999999999997,78.86622909945831,0.5359116022099448,88.05013962567475,0.6262626262626263,96.79248916118628,0.725,94.14040666083075,0.5753424657534246,98.60589767509447,0.5513698630136986,80.10476203064299,377.5889331227862,93.8070200201619,173.9117820508049
244,670623,Isaac,Paredes,62,0.40483870967741936,115.26390767418214,0.5807692307692307,95.42023656262155,0.6,92.73344929313653,0.7125,92.51729620116126,0.5647668393782384,96.79337870722017,0.8228260869565217,119.54278300230521,377.46436076413954,93.77607165087342,213.31885465317862
245,668709,JJ,Bleday,62,0.3362903225806452,95.74711055803576,0.5534883720930233,90.9379984367014,0.6132075471698113,94.77475163606721,0.7320872274143302,95.06067489653121,0.562111801242236,96.33834116984792,0.5935975609756098,86.23973588984487,377.11176613914773,93.68847413901824,179.9282100288631
246,687952,Christian,Encarnacion-Strand,60,0.30583333333333335,87.07552972172444,0.5176991150442478,85.05783262717425,0.7010309278350515,108.34835999885368,0.7244582043343654,94.07005512387914,0.5225988700564972,89.56636051265475,0.5229756234239282,75.97955686809112,377.0426082625618,93.67129277128113,169.65084963937227
247,592206,Nick,Castellanos,62,0.2870967741935484,81.74093850997775,0.47058823529411764,77.31752709398242,0.717948717948718,110.96310171828303,0.7102803738317757,92.22908032514516,0.5625,96.40487317341825,0.48358585858585856,70.25688693188867,376.91458231082885,93.63948640206901,163.89637333395768
248,681481,Kerry,Carpenter,54,0.4861111111111111,138.40343052953475,0.5561797752808989,91.38019529436264,0.5961538461538461,92.13900410536002,0.7163120567375887,93.01228733425195,0.5851063829787234,100.27930070048234,0.9314285714285714,135.32089631270568,376.8107874344569,93.6136999258466,228.93459623855227
249,668939,Adley,Rutschman,75,0.36733333333333335,104.5855408755753,0.5707070707070707,93.7670262295077,0.543010752688172,83.92543350006083,0.6666666666666666,86.5658911823731,0.6559139784946236,112.41476250568245,0.7716878402903811,112.11325637300203,376.6731134176241,93.57949662135226,205.6927529943543
250,665487,Fernando,Tatís,71,0.3915492957746479,111.48020384222004,0.5703703703703704,93.71170645002128,0.6509433962264151,100.60704404444056,0.7287234042553191,94.62388637222165,0.5108108108108108,87.54604698991496,0.8550622504110876,124.22615504624434,376.4886838565984,93.53367751489604,217.7598325611404
251,664056,Harrison,Bader,52,0.3807692307692308,108.41095085873889,0.5642458100558659,92.7054427516535,0.6363636363636364,98.3536583412054,0.7265625,94.34329546828944,0.5275590551181102,90.41646897804407,0.7129735935706085,103.5830644332605,375.8188655391924,93.36726993565074,196.95033436891123
252,678662,Ezequiel,Tovar,61,0.49918032786885247,142.12444079295176,0.4377682403433476,71.92521029021755,0.7580645161290323,117.1632289456295,0.7086834733893558,92.02172466025377,0.5444444444444444,93.31039576291346,0.8164245548266167,118.61274811593199,374.42055965901426,93.01987917233744,211.63262728826942
253,660707,Elehuris,Montero,53,0.22735849056603774,64.7325155403905,0.5257731958762887,86.38440204959117,0.6842105263157895,105.7486702465592,0.7296296296296296,94.74155868293056,0.5104166666666666,87.47849602773137,0.4909090909090909,71.32082934495644,374.35312700681226,93.0031264139798,164.32395575893622
254,676694,Jake,Meyers,32,0.34375,97.87099730302813,0.5545454545454546,91.11167681415883,0.6756756756756757,104.4295600147934,0.7346938775510204,95.39914538465607,0.4864864864864865,83.37718760944281,0.7216117216117216,104.83803906560887,374.31756982305103,92.99429269785003,197.8323317634589
255,664728,Kyle,Isbel,50,0.28900000000000003,82.28281664167312,0.5506329113924051,90.46884697151899,0.6060606060606061,93.67015080114801,0.7455357142857143,96.80694527314492,0.5405405405405406,92.64131956604757,0.5302254098360656,77.03282882630627,373.5872626118595,92.81285744598888,169.84568627229515
256,608369,Corey,Seager,67,0.3358208955223881,95.61345733810077,0.49689440993788825,81.6396248818448,0.6115702479338843,94.52169762661299,0.7021276595744681,91.17045986228656,0.6193548387096774,106.14902164470999,0.6873303167420814,99.85752786365654,373.48080401545434,92.78640920344718,192.6439370671037
257,669397,Nick,Allen,43,0.25116279069767444,71.50997181379816,0.5584415584415585,91.7518056910733,0.6078431372549019,93.94565124468079,0.7658536585365854,99.44520669975057,0.5151515151515151,88.28998485915746,0.46818181818181814,68.01893909750476,373.43264849466215,92.7744455956537,160.79338469315846
258,681082,Bryson,Stott,58,0.28879310344827586,82.22390995991078,0.6158536585365854,101.18459910089011,0.4928571428571429,76.17390477650501,0.6611842105263158,85.85400062988649,0.6401515151515151,109.71329000880597,0.5730557737627651,83.25535990785879,372.9257945160876,92.64852436983223,175.90388427769102
259,624503,Nick,Gordon,38,0.36578947368421055,104.14597990523187,0.4610778443113772,75.75497227995731,0.875,135.23628021915744,0.7135678391959799,92.65595387862045,0.3940677966101695,67.53787725143425,0.7275641025641025,105.70281984470336,371.1850836291694,92.21606757172648,197.91888741642984
260,553869,Elías,Díaz,54,0.3833333333333333,109.14099093186167,0.5025125628140703,82.56268596719227,0.6966292134831461,107.66804974109485,0.7083333333333334,91.97625938127142,0.515527950310559,88.35450074140748,0.7442240850541811,108.12323492779845,370.561495830966,92.06114535886762,200.18438028666606
261,570482,Gio,Urshela,47,0.35957446808510635,102.37647067984066,0.4895104895104895,80.42644863797122,0.7111111111111111,109.906310273347,0.7446808510638298,96.69594227818271,0.4857142857142857,83.2448428672056,0.6436781609195402,93.51560424966617,370.2735440567065,91.98960751577089,185.50521176543705
262,605137,Josh,Bell,69,0.3239130434782609,92.22310575905894,0.5813953488372092,95.5231076015771,0.5661764705882353,87.50582837710186,0.7055837563451777,91.61923000774006,0.5540540540540541,94.95735255519875,0.6333333333333333,92.01267489565367,369.6055185416178,91.82364533475663,183.8363202304103
263,663368,Blake,Perkins,38,0.4881578947368421,138.9861818159749,0.6264367816091954,102.92340352381424,0.5531914893617021,85.4989248801968,0.7601809954751131,98.70861799981004,0.46703296703296704,80.04311814154384,0.9591836734693877,139.353245545512,367.17406454536496,91.2195824671873,230.5728280126993
264,678882,Ceddanne,Rafaela,55,0.27090909090909093,77.13205208939475,0.45867768595041325,75.360626873112,0.765625,118.33174519176278,0.7352941176470589,95.47708586291151,0.4527777777777778,77.59997198650457,0.5137233658360418,74.63535954785159,366.7694299142908,91.11905629809623,165.75441584594782
265,661388,William,Contreras,63,0.569047619047619,162.01675051375742,0.5666666666666667,93.10318887567048,0.49019607843137253,75.76262197151678,0.6914600550964187,89.78528382965145,0.6234939759036144,106.85841363800577,0.9815126050420169,142.59726352692195,365.50950831484454,90.80604529503098,233.40330882195292
266,624424,Michael,Conforto,65,0.43,122.42772026269702,0.5521739130434782,90.72203314995001,0.552,85.31477334968561,0.7070422535211267,91.80861416947457,0.561046511627907,96.15576497400373,0.8265115034777956,120.07821200055844,364.0011856431139,90.43132230224167,210.5095343028001
267,453568,Charlie,Blackmon,60,0.32,91.10900112572801,0.5699481865284974,93.64234175242689,0.5545454545454546,85.70818798305044,0.6798679867986799,88.2800672453904,0.5451388888888888,93.42941412485595,0.7317647058823529,106.31309681442089,361.0600111057237,89.70062604896447,196.01372286338534
268,607043,Brandon,Nimmo,58,0.33189655172413796,94.49613532706167,0.6423357664233577,105.53560267572782,0.4430379746835443,68.4740659337506,0.6875,89.27107528182226,0.5684523809523809,97.42503056149675,0.7152326839826839,103.91127225164922,360.7057744527974,89.61262059679693,193.52389284844617
269,623912,Harold,Ramírez,74,0.2993243243243244,85.22231313069577,0.4608294930875576,75.71416823719476,0.7,108.18902417532594,0.6845425867507886,88.88705861155344,0.5,85.693220598594,0.5600283486888732,81.36269428461958,358.4834716226681,89.06051859435553,170.4232128789751
270,671739,Michael,Harris,68,0.44485294117647056,126.65658474509524,0.4392523364485982,72.16904690197659,0.7047619047619048,108.9250039316207,0.6865203761755486,89.14387226774159,0.5128865979381443,87.90180875835158,0.8099951124144673,117.67865833525394,358.13973185969047,88.9751209568753,206.65377929212923
271,686823,Will,Brennan,46,0.3173913043478261,90.3662647035074,0.4832214765100671,79.39316540523026,0.639344262295082,98.81433121399795,0.7142857142857143,92.74916912397117,0.5043103448275862,86.4319552589267,0.653220559531555,94.90195417789573,357.3886210021261,88.78851731182093,183.69047148971666
272,545341,Randal,Grichuk,33,0.3212121212121212,91.45411097847699,0.5411764705882354,88.91515615807978,0.5192307692307693,80.2501003498297,0.6861313868613139,89.09336245777087,0.5681818181818182,97.37865977112956,0.7274131274131275,105.68088569604444,355.6372787368099,88.35341928713584,194.03430498318028
273,641313,Tim,Anderson,51,0.3490196078431373,99.37133701212983,0.4742268041237113,77.91534302512146,0.6285714285714286,97.14932783090494,0.6822742474916388,88.59251739734505,0.5297619047619048,90.7940075389865,0.5786555786555787,84.0689173190402,354.4511957923579,88.05875252983552,172.1276698488757
274,521692,Salvador,Pérez,69,0.5021739130434782,142.97676127746718,0.4685990338164251,76.99070179829529,0.6770833333333334,104.64712159815754,0.66996699669967,86.99443519812742,0.48857142857142855,83.73451841348327,1.002665544332211,145.67042962060003,352.36677700806354,87.54090601084043,233.21133563144048
275,678554,Curtis,Mead,46,0.27391304347826084,77.98732433316393,0.4871794871794872,80.04346554921898,0.6571428571428571,101.56520636867334,0.7347826086956522,95.41066702057209,0.3943089430894309,67.5792064883221,0.5520656479909452,80.20584787839351,344.5985454267865,85.6109907205818,165.81683859897532
276,665161,Jeremy,Peña,75,0.4246666666666667,120.90923691060156,0.4567307692307693,75.0407489523928,0.5849056603773585,90.40053232978718,0.6624203821656051,86.01451607930065,0.5,85.693220598594,0.857707509881423,124.61046672991584,337.1490179600746,83.76025328918747,208.37072001910332
277,595879,Javier,Báez,52,0.28365384615384615,80.76068308921204,0.47150259067357514,77.46775544973498,0.6056338028169014,93.60418590621762,0.625,81.15552298347478,0.40344827586206894,69.14556420714136,0.5346185737976783,77.6710816168797,321.3730285465687,79.84091555195202,157.51199716883173
